<?xml version="1.0" encoding="UTF-8"?>
<!DOCTYPE platform PUBLIC "-//NetBeans//DTD Java PlatformDefinition 1.0//EN" "http://www.netbeans.org/dtds/java-platformdefinition-1_0.dtd">
<platform default="yes" name="JDK 1.6 (Default)">
    <properties>
        <property name="platform.ant.name" value="default_platform"/>
    </properties>
    <sources>
        <resource>jar:file:/usr/lib/jvm/java-6-sun-1.6.0.20/src.zip!/</resource>
    </sources>
    <javadoc>
        <resource>file:/usr/lib/jvm/java-6-sun-1.6.0.20/docs/</resource>
    </javadoc>
</platform>
