<history>
    <sql date='1283638950249' url='jdbc:mysql://localhost/blog_db'>
        select * from wp_usermeta
    </sql>
    <sql date='1283638917280' url='jdbc:mysql://localhost/blog_db'>
        select * from wp_users
    </sql>
    <sql date='1283638847060' url='jdbc:mysql://localhost/blog_db'>
        select * from wp_posts
    </sql>
    <sql date='1281470601826' url='jdbc:mysql://localhost:3306/epc_db'>
        select * from customer_types
    </sql>
    <sql date='1280439939157' url='jdbc:mysql://localhost:3306/epc_db'>
        select * from user_type
    </sql>
    <sql date='1280438543860' url='jdbc:mysql://localhost:3306/epc_db'>
        delete from user_type  where type_id=16
    </sql>
    <sql date='1280438521405' url='jdbc:mysql://localhost:3306/epc_db'>
        select * from user_type
    </sql>
    <sql date='1280438521386' url='jdbc:mysql://localhost:3306/epc_db'>
        delete from user_type  where type_id=5
    </sql>
    <sql date='1280438503138' url='jdbc:mysql://localhost:3306/epc_db'>
        delete from user_type  where type_id=5
    </sql>
    <sql date='1280438480652' url='jdbc:mysql://localhost:3306/epc_db'>
        select * from user_type
    </sql>
    <sql date='1280120986600' url='jdbc:mysql://localhost:3306/epc_db'>
        select * from users
    </sql>
    <sql date='1280070970274' url='jdbc:mysql://localhost:3306/epc_db'>
        select now()
    </sql>
    <sql date='1280040533824' url='jdbc:mysql://localhost:3306/websites'>
        select * from epc_db.user_type
    </sql>
    <sql date='1280016511025' url='jdbc:mysql://localhost:3306/websites'>
        CREATE TABLE IF NOT EXISTS `types` (
`id` varchar(7) NOT NULL,
`name` varchar(50) NOT NULL,
PRIMARY KEY (`id`)
) ENGINE=MyISAM DEFAULT CHARSET=latin1
    </sql>
    <sql date='1280016510977' url='jdbc:mysql://localhost:3306/websites'>
        DROP TABLE IF EXISTS `types`
    </sql>
    <sql date='1280016510975' url='jdbc:mysql://localhost:3306/websites'>
        CREATE TABLE IF NOT EXISTS `tests` (
`id` int(11) NOT NULL auto_increment,
`siteid` int(11) NOT NULL default &apos;0&apos;,
`name` varchar(250) NOT NULL,
`type` varchar(25) NOT NULL,
`url` varchar(120) NOT NULL,
`regex` varchar(250) NOT NULL,
`p1` varchar(250) NOT NULL,
`p2` varchar(250) NOT NULL,
`p3` varchar(250) NOT NULL,
`p4` varchar(250) NOT NULL,
`p5` varchar(250) NOT NULL,
`p6` varchar(250) NOT NULL,
`frequency` int(10) NOT NULL default &apos;0&apos;,
`lastdone` int(10) NOT NULL default &apos;0&apos;,
`isalert` varchar(2) NOT NULL,
`setup` int(10) NOT NULL default &apos;0&apos;,
`lastupdate` int(10) NOT NULL default &apos;0&apos;,
`notes` varchar(250) NOT NULL,
`submit` varchar(25) NOT NULL,
PRIMARY KEY (`id`)
) ENGINE=MyISAM DEFAULT CHARSET=latin1 AUTO_INCREMENT=11
    </sql>
    <sql date='1280016510885' url='jdbc:mysql://localhost:3306/websites'>
        DROP TABLE IF EXISTS `tests`
    </sql>
    <sql date='1280016510883' url='jdbc:mysql://localhost:3306/websites'>
        CREATE TABLE IF NOT EXISTS `sites` (
`id` int(10) NOT NULL auto_increment,
`name` varchar(100) NOT NULL,
`url` varchar(100) NOT NULL,
`un` varchar(50) NOT NULL,
`pw` varchar(50) NOT NULL,
`client1` int(10) NOT NULL default &apos;0&apos;,
`client2` int(10) NOT NULL default &apos;0&apos;,
`admin1` int(10) NOT NULL default &apos;0&apos;,
`admin2` int(10) NOT NULL default &apos;0&apos;,
`domainid` int(10) NOT NULL default &apos;0&apos;,
`hostid` int(10) NOT NULL default &apos;0&apos;,
`webroot` varchar(50) NOT NULL,
`files` text NOT NULL,
`filesdate` int(11) NOT NULL default &apos;0&apos;,
`lastupdate` int(11) NOT NULL default &apos;0&apos;,
`submit` varchar(25) NOT NULL,
PRIMARY KEY (`id`)
) ENGINE=MyISAM DEFAULT CHARSET=latin1 AUTO_INCREMENT=15
    </sql>
    <sql date='1280016510834' url='jdbc:mysql://localhost:3306/websites'>
        DROP TABLE IF EXISTS `sites`
    </sql>
    <sql date='1280016510833' url='jdbc:mysql://localhost:3306/websites'>
        CREATE TABLE IF NOT EXISTS `people` (
`id` int(11) NOT NULL auto_increment,
`uname` varchar(25) NOT NULL,
`pw` varchar(25) NOT NULL,
`status` smallint(3) NOT NULL default &apos;1&apos;,
`name` varchar(50) NOT NULL,
`firstname` varchar(50) NOT NULL,
`surname` varchar(50) NOT NULL,
`email` varchar(120) NOT NULL,
`lastupdate` int(11) NOT NULL default &apos;0&apos;,
`submit` varchar(25) NOT NULL,
PRIMARY KEY (`id`)
) ENGINE=MyISAM DEFAULT CHARSET=latin1 AUTO_INCREMENT=5
    </sql>
    <sql date='1280016510778' url='jdbc:mysql://localhost:3306/websites'>
        DROP TABLE IF EXISTS `people`
    </sql>
    <sql date='1280016510765' url='jdbc:mysql://localhost:3306/websites'>
        CREATE TABLE IF NOT EXISTS `hosts` (
`id` int(11) NOT NULL auto_increment,
`cost` float NOT NULL,
`name` varchar(100) NOT NULL,
`hosturl` varchar(100) NOT NULL,
`un` varchar(50) NOT NULL,
`pw` varchar(50) NOT NULL,
`ns1url` varchar(36) NOT NULL,
`ns1ip` varchar(36) NOT NULL,
`ns2url` varchar(36) NOT NULL,
`ns2ip` varchar(36) NOT NULL,
`ftpurl` varchar(100) NOT NULL,
`ftpserverip` varchar(36) NOT NULL,
`ftpun` varchar(50) NOT NULL,
`ftppw` varchar(50) NOT NULL,
`cpurl` varchar(36) NOT NULL,
`cpun` varchar(36) NOT NULL,
`cppw` varchar(36) NOT NULL,
`pop3server` varchar(36) NOT NULL,
`servicetel` varchar(50) NOT NULL,
`servicetel2` varchar(50) NOT NULL,
`serviceemail` varchar(100) NOT NULL,
`webroot` varchar(48) NOT NULL,
`absoluteroot` varchar(48) NOT NULL,
`cgiroot` varchar(48) NOT NULL,
`booked` int(11) NOT NULL,
`duration` int(11) NOT NULL,
`lastupdate` int(11) NOT NULL default &apos;0&apos;,
`submit` varchar(25) NOT NULL,
PRIMARY KEY (`id`)
) ENGINE=MyISAM DEFAULT CHARSET=latin1 AUTO_INCREMENT=6
    </sql>
    <sql date='1280016510706' url='jdbc:mysql://localhost:3306/websites'>
        DROP TABLE IF EXISTS `hosts`
    </sql>
    <sql date='1280016510702' url='jdbc:mysql://localhost:3306/websites'>
        CREATE TABLE IF NOT EXISTS `frequencies` (
`id` int(10) NOT NULL,
`name` varchar(16) NOT NULL,
`submit` varchar(25) NOT NULL,
PRIMARY KEY (`id`)
) ENGINE=MyISAM DEFAULT CHARSET=latin1
    </sql>
    <sql date='1280016510636' url='jdbc:mysql://localhost:3306/websites'>
        DROP TABLE IF EXISTS `frequencies`
    </sql>
    <sql date='1280016510634' url='jdbc:mysql://localhost:3306/websites'>
        CREATE TABLE IF NOT EXISTS `events` (
`id` int(10) NOT NULL auto_increment,
`name` varchar(50) NOT NULL default &apos;not set&apos;,
`type` enum(&apos;test&apos;,&apos;alert&apos;,&apos;report&apos;) NOT NULL,
`testid` int(10) NOT NULL,
`siteid` int(10) NOT NULL,
`userid` int(10) NOT NULL,
`reported` int(11) NOT NULL,
`result` blob NOT NULL,
`time` int(11) NOT NULL,
`timetaken` float NOT NULL,
`isalert` varchar(2) NOT NULL,
`emailid` int(11) NOT NULL,
`submit` varchar(25) NOT NULL,
PRIMARY KEY (`id`)
) ENGINE=MyISAM DEFAULT CHARSET=latin1 AUTO_INCREMENT=69
    </sql>
    <sql date='1280016510569' url='jdbc:mysql://localhost:3306/websites'>
        DROP TABLE IF EXISTS `events`
    </sql>
    <sql date='1280016510566' url='jdbc:mysql://localhost:3306/websites'>
        CREATE TABLE IF NOT EXISTS `domains` (
`id` int(10) NOT NULL auto_increment,
`url` varchar(100) NOT NULL,
`name` varchar(100) NOT NULL,
`registrar` varchar(100) NOT NULL,
`dateregd` int(11) NOT NULL default &apos;0&apos;,
`cost` float NOT NULL default &apos;0&apos;,
`regdfor` int(11) NOT NULL default &apos;0&apos;,
`notes` blob NOT NULL,
`pw` varchar(25) NOT NULL,
`un` varchar(25) NOT NULL,
`lastupdate` int(11) NOT NULL default &apos;0&apos;,
`submit` varchar(25) NOT NULL,
PRIMARY KEY (`id`)
) ENGINE=MyISAM DEFAULT CHARSET=latin1 AUTO_INCREMENT=10
    </sql>
    <sql date='1280016510509' url='jdbc:mysql://localhost:3306/websites'>
        DROP TABLE IF EXISTS `domains`
    </sql>
    <sql date='1280016510507' url='jdbc:mysql://localhost:3306/websites'>
        CREATE TABLE IF NOT EXISTS `ci_sessions` (
`session_id` varchar(40) NOT NULL default &apos;0&apos;,
`peopleid` int(11) NOT NULL,
`ip_address` varchar(16) NOT NULL default &apos;0&apos;,
`user_agent` varchar(50) NOT NULL,
`last_activity` int(10) unsigned NOT NULL default &apos;0&apos;,
`left` int(11) NOT NULL,
`name` varchar(25) NOT NULL,
`status` tinyint(4) NOT NULL default &apos;0&apos;
) ENGINE=MyISAM DEFAULT CHARSET=latin1
    </sql>
    <sql date='1280016510402' url='jdbc:mysql://localhost:3306/websites'>
        DROP TABLE IF EXISTS `ci_sessions`
    </sql>
    <sql date='1280007380917' url='jdbc:mysql://localhost:3306/epc_db'>
        CREATE TABLE IF NOT EXISTS `ci_sessions` (
session_id varchar(40) DEFAULT &apos;0&apos; NOT NULL,
ip_address varchar(16) DEFAULT &apos;0&apos; NOT NULL,
user_agent varchar(50) NOT NULL,
last_activity int(10) unsigned DEFAULT 0 NOT NULL,
session_data text not null,
PRIMARY KEY (session_id)
)
    </sql>
    <sql date='1280007349378' url='jdbc:mysql://localhost:3306/epc_db'>
        CREATE TABLE IF NOT EXISTS `ci_sessions` (
session_id varchar(40) DEFAULT &apos;0&apos; NOT NULL,
ip_address varchar(16) DEFAULT &apos;0&apos; NOT NULL,
user_agent varchar(50) NOT NULL,
last_activity int(10) unsigned DEFAULT 0 NOT NULL,
session_data text default &apos;&apos; not null,
PRIMARY KEY (session_id)
)
    </sql>
    <sql date='1279595386352' url='jdbc:mysql://localhost:3306/epc_db'>
        select * from ticket_notes
    </sql>
    <sql date='1279594621091' url='jdbc:mysql://localhost:3306/epc_db'>
        select note_id, ticket_notes.date_created, first_name, description from ticket_notes, users where ticket_id = 2
and ticket_notes.created_by = users.user_id
    </sql>
    <sql date='1279594610928' url='jdbc:mysql://localhost:3306/epc_db'>
        select note_id, date_created, first_name, description from ticket_notes, users where ticket_id = 2 
and ticket_notes.created_by = users.user_id
    </sql>
    <sql date='1279594285206' url='jdbc:mysql://localhost:3306/epc_db'>
        insert into ticket_notes(created_by, ticket_id, description) values(2, 2, &apos;yet another note&apos;)
    </sql>
    <sql date='1279594264818' url='jdbc:mysql://localhost:3306/epc_db'>
        select * from ticket_notesinsert into ticket_notes(created_by, ticket_id, description) values(2, 2, &apos;yet another note&apos;)
    </sql>
    <sql date='1279594254339' url='jdbc:mysql://localhost:3306/epc_db'>
        select * from ticket_notesinsert into ticket_notes(created_by, ticket_id, description) values(2, 2, &apos;another note&apos;)
    </sql>
    <sql date='1279594220437' url='jdbc:mysql://localhost:3306/epc_db'>
        insert into ticket_notes(created_by, ticket_id, description) values(2, 2, &apos;a simplenote&apos;)
    </sql>
</history>
