<?xml version="1.0" encoding="UTF-8"?>
<!DOCTYPE fontscolors PUBLIC "-//NetBeans//DTD Editor Fonts and Colors settings 1.1//EN" "http://www.netbeans.org/dtds/EditorFontsColors-1_1.dtd">
<fontscolors>
    <fontcolor bgColor="ff22282a" foreColor="white" name="default">
        <font name="Lucida Console" size="12" style="plain"/>
    </fontcolor>
    <fontcolor foreColor="ffec7600" name="string"/>
    <fontcolor foreColor="ff93c763" name="keyword"/>
    <fontcolor foreColor="orange" name="number"/>
    <fontcolor foreColor="ff66747b" name="comment"/>
    <fontcolor foreColor="ff678cb1" name="identifier"/>
</fontscolors>
