<?xml version="1.0" encoding="UTF-8"?>
<!DOCTYPE fontscolors PUBLIC "-//NetBeans//DTD Editor Fonts and Colors settings 1.1//EN" "http://www.netbeans.org/dtds/EditorFontsColors-1_1.dtd">
<fontscolors>
    <fontcolor foreColor="ff999999" name="caret-color-insert-mode"/>
    <fontcolor foreColor="ff22282a" name="text-limit-line-color"/>
    <fontcolor bgColor="white" foreColor="black" name="highlight-search"/>
    <fontcolor bgColor="ff836700" name="nbeditor-bracesMatching-match-multichar"/>
    <fontcolor bgColor="ff886d09" name="nbeditor-bracesMatching-match"/>
    <fontcolor name="highlight-caret-row"/>
    <fontcolor bgColor="ffb0c5e3" foreColor="ff22282a" name="selection"/>
    <fontcolor name="caret-color-overwrite-mode"/>
    <fontcolor foreColor="ff22282a" name="status-bar"/>
</fontscolors>
