<?xml version="1.0" encoding="UTF-8"?>
<!DOCTYPE editor-preferences PUBLIC "-//NetBeans//DTD Editor Preferences 1.0//EN" "http://www.netbeans.org/dtds/EditorPreferences-1_0.dtd">
<editor-preferences>
    <entry javaType="java.lang.Integer" name="caret-blink-rate" xml:space="preserve">
        <value><![CDATA[340]]></value>
    </entry>
    <entry javaType="java.lang.Boolean" name="expand-tabs" xml:space="preserve">
        <value><![CDATA[false]]></value>
    </entry>
    <entry javaType="methodvalue" name="identifier-acceptor" xml:space="preserve">
        <value><![CDATA[org.netbeans.modules.html.editor.HtmlSettingsFactory.getIdentifierAcceptor]]></value>
    </entry>
    <entry javaType="java.lang.String" name="mimetypesWithEnabledHtmlErrorChecking" xml:space="preserve">
        <value><![CDATA[;text/x-php5;]]></value>
    </entry>
    <entry javaType="java.lang.String" name="text-line-wrap" xml:space="preserve">
        <value><![CDATA[chars]]></value>
    </entry>
</editor-preferences>
