<?xml version="1.0" encoding="UTF-8"?>
<!DOCTYPE fontscolors PUBLIC "-//NetBeans//DTD Editor Fonts and Colors settings 1.1//EN" "http://www.netbeans.org/dtds/EditorFontsColors-1_1.dtd">
<fontscolors>
    <fontcolor name="PHP_VARIABLE"/>
    <fontcolor default="field" foreColor="ff203896" name="mod-field"/>
    <fontcolor foreColor="blue" name="heredocdelimiter">
        <font style="bold+italic"/>
    </fontcolor>
    <fontcolor default="identifier" foreColor="ff678cb1" name="PHP_STRING"/>
    <fontcolor default="identifier" name="identifier"/>
    <fontcolor foreColor="orange" name="phpopenclose"/>
    <fontcolor name="PHP_CONTENT"/>
</fontscolors>
