<?xml version="1.0" encoding="UTF-8"?>
<!DOCTYPE fontscolors PUBLIC "-//NetBeans//DTD Editor Fonts and Colors settings 1.1//EN" "http://www.netbeans.org/dtds/EditorFontsColors-1_1.dtd">
<fontscolors>
    <fontcolor bgColor="white" foreColor="black" name="default">
        <font name="Lucida Console" size="12"/>
    </fontcolor>
    <fontcolor foreColor="ff990099" name="string">
        <font style="bold"/>
    </fontcolor>
    <fontcolor foreColor="ff006600" name="comment">
        <font style="bold"/>
    </fontcolor>
</fontscolors>
