<?xml version="1.0" encoding="UTF-8"?>
<!DOCTYPE bindings PUBLIC "-//NetBeans//DTD Editor KeyBindings settings 1.1//EN" "http://www.netbeans.org/dtds/EditorKeyBindings-1_1.dtd">
<bindings>
    <bind actionName="caret-backward" key="LEFT"/>
    <bind actionName="caret-begin" key="D-HOME"/>
    <bind actionName="caret-begin-line" key="HOME"/>
    <bind actionName="caret-down" key="KP_DOWN"/>
    <bind actionName="caret-down" key="DOWN"/>
    <bind actionName="caret-end" key="D-END"/>
    <bind actionName="caret-end-line" key="END"/>
    <bind actionName="caret-forward" key="RIGHT"/>
    <bind actionName="caret-next-word" key="D-RIGHT"/>
    <bind actionName="caret-previous-word" key="D-LEFT"/>
    <bind actionName="caret-up" key="UP"/>
    <bind actionName="caret-up" key="KP_UP"/>
    <bind actionName="delete-next" key="DELETE"/>
    <bind actionName="delete-previous" key="BACK_SPACE"/>
    <bind actionName="goto" key="D-G"/>
    <bind actionName="goto-declaration" key="D-B"/>
    <bind actionName="goto-declaration" key="F3"/>
    <bind actionName="in-place-refactoring" key="D-R"/>
    <bind actionName="incremental-search-forward" key="D-F"/>
    <bind actionName="insert-break" key="ENTER"/>
    <bind actionName="insert-tab" key="TAB"/>
    <bind actionName="page-down" key="PAGE_DOWN"/>
    <bind actionName="page-up" key="PAGE_UP"/>
    <bind actionName="redo" key="D-Y"/>
    <bind actionName="replace" key="D-H"/>
    <bind actionName="scroll-down" key="D-UP"/>
    <bind actionName="scroll-up" key="D-DOWN"/>
    <bind actionName="selection-backward" key="S-LEFT"/>
    <bind actionName="selection-begin-line" key="S-HOME"/>
    <bind actionName="selection-down" key="S-DOWN"/>
    <bind actionName="selection-end-line" key="S-END"/>
    <bind actionName="selection-forward" key="S-RIGHT"/>
    <bind actionName="selection-page-down" key="S-PAGE_DOWN"/>
    <bind actionName="selection-page-up" key="S-PAGE_UP"/>
    <bind actionName="selection-up" key="S-UP"/>
    <bind actionName="switch-case" key="D-U$S"/>
    <bind actionName="to-lower-case" key="D-U$L"/>
    <bind actionName="to-upper-case" key="D-U$U"/>
    <bind actionName="toggle-typing-mode" key="INSERT"/>
    <bind actionName="tooltip-show" key="D-P"/>
    <bind actionName="undo" key="UNDO"/>
    <bind key="SD-C" remove="true"/>
    <bind key="S-F10" remove="true"/>
    <bind key="D-W" remove="true"/>
    <bind key="D-SLASH" remove="true"/>
    <bind key="D-S" remove="true"/>
    <bind key="S-SPACE" remove="true"/>
    <bind key="D-COMMA" remove="true"/>
    <bind key="D-D" remove="true"/>
    <bind key="D-PERIOD" remove="true"/>
    <bind key="SO-COMMA" remove="true"/>
    <bind key="D-T" remove="true"/>
    <bind key="D-PAGE_DOWN" remove="true"/>
    <bind key="D-U" remove="true"/>
    <bind key="D-N" remove="true"/>
    <bind key="SO-PERIOD" remove="true"/>
    <bind key="D-M" remove="true"/>
    <bind key="D-O" remove="true"/>
    <bind key="D-PAGE_UP" remove="true"/>
    <bind key="D-CLOSE_BRACKET" remove="true"/>
    <bind key="D-L" remove="true"/>
    <bind key="ESCAPE" remove="true"/>
</bindings>
