<?xml version="1.0" encoding="UTF-8"?>
<!DOCTYPE fontscolors PUBLIC "-//NetBeans//DTD Editor Fonts and Colors settings 1.1//EN" "http://www.netbeans.org/dtds/EditorFontsColors-1_1.dtd">
<fontscolors>
    <fontcolor name="error" waveUnderlined="red"/>
    <fontcolor foreColor="blue" name="char"/>
    <fontcolor foreColor="ff52b0fe" name="keyword"/>
    <fontcolor foreColor="black" name="whitespace"/>
    <fontcolor foreColor="ff008000" name="number"/>
    <fontcolor default="keyword" name="markup-element"/>
    <fontcolor name="operator"/>
    <fontcolor name="url" underline="blue"/>
    <fontcolor default="identifier" foreColor="ff009900" name="field"/>
    <fontcolor bgColor="ff2a211c" foreColor="ffbdae9d" name="default">
        <font name="Monospaced" size="14" style="plain"/>
    </fontcolor>
    <fontcolor foreColor="ff009600" name="string"/>
    <fontcolor default="string" name="markup-attribute-value"/>
    <fontcolor default="default" foreColor="black" name="entity-reference"/>
    <fontcolor default="identifier" name="method"/>
    <fontcolor foreColor="ff5a5a5a" name="comment">
        <font style="italic"/>
    </fontcolor>
    <fontcolor foreColor="ffbbbbbb" name="identifier"/>
    <fontcolor name="warning" waveUnderlined="ffc9c97b"/>
    <fontcolor name="separator"/>
    <fontcolor default="field" name="markup-attribute"/>
</fontscolors>
